{"cameraMode":{"drawMode":0,"name":"Shaded","section":"Shading Mode"},"sceneLighting":true,"audioPlay":false,"sceneViewState":{"m_AlwaysRefresh":false,"showFog":true,"showSkybox":false,"showFlares":true,"showImageEffects":true,"showParticleSystems":true,"showVisualEffectGraphs":true,"m_FxEnabled":true},"in2DMode":false,"pivot":{"x":1.6543896198272706,"y":-0.9881122708320618,"z":16.574604034423829},"rotation":{"x":0.0447440966963768,"y":-0.10321077704429627,"z":0.004647623281925917,"w":0.9936419725418091},"size":8.716222763061524,"orthographic":false}