{"cameraMode":{"drawMode":0,"name":"Shaded","section":"Shading Mode"},"sceneLighting":false,"audioPlay":false,"sceneViewState":{"m_AlwaysRefresh":false,"showFog":true,"showSkybox":false,"showFlares":true,"showImageEffects":true,"showParticleSystems":true,"showVisualEffectGraphs":true,"m_FxEnabled":true},"in2DMode":false,"pivot":{"x":58.82097625732422,"y":16.73167610168457,"z":-47.26686477661133},"rotation":{"x":-0.018511973321437837,"y":-0.31403234601020815,"z":-0.006124419160187244,"w":0.9492121338844299},"size":1.3778527975082398,"orthographic":true}