{"cameraMode":{"drawMode":0,"name":"Shaded","section":"Shading Mode"},"sceneLighting":true,"audioPlay":false,"sceneViewState":{"showFog":true,"showMaterialUpdate":false,"showSkybox":true,"showFlares":true,"showImageEffects":true,"showParticleSystems":true},"in2DMode":false,"pivot":{"x":25.179485321044923,"y":1.4541125297546387,"z":30.658266067504884},"rotation":{"x":0.0713227167725563,"y":-0.9004244208335877,"z":0.39818739891052248,"w":0.1608252227306366},"size":1.655992865562439,"orthographic":false}