{"cameraMode":{"drawMode":0,"name":"Shaded","section":"Shading Mode"},"sceneLighting":false,"audioPlay":false,"sceneViewState":{"showFog":true,"showMaterialUpdate":false,"showSkybox":false,"showFlares":true,"showImageEffects":true,"showParticleSystems":true},"in2DMode":false,"pivot":{"x":-0.8005821108818054,"y":-2.1988108158111574,"z":2.6895813941955568},"rotation":{"x":0.3754870891571045,"y":-0.22816795110702516,"z":0.09559677541255951,"w":0.8933932185173035},"size":6.681021690368652,"orthographic":false}